{
	"user":{
		"is_auth": "true",
		"username": "用户名-用户设置-测试",
		"realname": "真实姓名-用户设置-测试",
		"phone": "电话号码-用户设置-测试",
		"email": "电子邮箱-用户设置-测试",
		"address": "通信地址-用户设置-测试",
		"id": "身份证号-用户设置-测试",
		"owned_cards": [
			{
				"bankname": "银行名称-用户设置-测试",
				"bankarea": "开户地-用户设置-测试",
				"bankcard_no": "银行卡号-用户设置-测试",
				"bankphone": "预留电话-用户设置-测试"
			},
			{
				"bankname": "银行名称-用户设置-测试",
				"bankarea": "开户地-用户设置-测试",
				"bankcard_no": "银行卡号-用户设置-测试",
				"bankphone": "预留电话-用户设置-测试"
			},
			{
				"bankname": "银行名称-用户设置-测试",
				"bankarea": "开户地-用户设置-测试",
				"bankcard_no": "银行卡号-用户设置-测试",
				"bankphone": "预留电话-用户设置-测试"
			},
			{
				"bankname": "银行名称-用户设置-测试",
				"bankarea": "开户地-用户设置-测试",
				"bankcard_no": "银行卡号-用户设置-测试",
				"bankphone": "预留电话-用户设置-测试"
			}
		]
		}
}