{	
	"funds": [
		{
		"fund_id": "999" ,
		"name": "基金名称-即将上市-测试",
		"forecast_profit_rate": "1.9",
		"reason": "即将上市文字描述即将上市文字描述即将描述即将上市文字描述即将上市文字描述即将上市文字描述即将上市文字描述",
		"star": "9",
		"pic": "1"
		},
		{
		"fund_id": "999" ,
		"name": "基金名称-即将上市-测试",
		"forecast_profit_rate": "1.9",
		"reason": "即将上市文字描述即将上市文字描述即将上述即将上市文字描述即将上市文字描述即将上市文字描述即将上市文字描述",
		"star": "8",
		"pic": "1"
		},
		{
		"fund_id": "999" ,
		"name": "基金名称-即将上市-测试",
		"forecast_profit_rate": "1.9",
		"reason": "即将上市文字描述即将上市文字描述即将上述即将上市文字描述即将上市文字描述即将上市文字描述即将上市文字描述",
		"star": "7",
		"pic": "1"
		}
	]
}