{
	"name": "基金名称",
	"netvalues": ["0.8","0.9", "1.0", "1.1" ],
	"dates":["2017-1-1","2017-1-2","2017-1-3","2017-1-4"],
	"raise_percentages": ["0.8","0.9", "1.0", "1.1" ],
	"profit_rates": ["0.8","0.9", "1.0", "1.1" ],
	"asset_allocation" : [
	{"name":"资产1","value":"335" },
	{"name":"资产2","value":"310" },
	{"name":"资产3","value":"234" },
	{"name":"资产4","value":"135" }
	],
	"industry_allocation":[
	{"name":"产业1","value":"335" },
	{"name":"产业2","value":"310" },
	{"name":"产业3","value":"234" },
	{"name":"产业4","value":"135" }
	]
}
